Property,Month,Balance
MeadowSecurity,2020-12,"4,550.00"
TrustAccount,2020-12, -   
1905Morning,2020-12,"2,285.57"
2417Garden,2020-12,"3,904.35"
108Pagoda,2020-12,"6,220.31"
2208Chase,2020-12,"4,148.35"
104Meadow,2020-12,"1,809.00"
108Meadow,2020-12,"5,254.81"
116Meadow,2020-12,"5,640.03"
116MeadowSavings,2020-12,"3,654.01"
1342Newton,2020-12,"6,914.21"
1316Rosemon,2020-12,"14,087.79"
874Wintergreen,2020-12,"2,377.01"
PagodaSecurity,2020-12,"17,016.85"
711Parks,2020-12,"6,833.59"
Midway,2020-12, -   
1117Brewer,2020-12,"3,848.85"
Partnership,2020-12,"546,911.76"
8604Wagon,2020-12,"4,021.07"
114Sidney,2020-12,"2,052.25"
2224Heatherton,2020-12,"1,632.41"
4920Brianhill,2020-12,"5,304.01"
Common,2020-12,"5,837.83"
6401Basswood,2020-12,"10,773.16"
4909Jamesway,2020-12,920.32
7417Canoga,2020-12,"2,219.61"
TrustChase,2020-12, -   
MeadowSecurity,2021-01,"4,550.00"
TrustAccount,2021-01, -   
1905Morning,2021-01,"3,079.26"
2417Garden,2021-01,"3,904.39"
108Pagoda,2021-01,"4,343.37"
2208Chase,2021-01,"4,298.39"
104Meadow,2021-01,"2,598.80"
108Meadow,2021-01,"5,350.25"
116Meadow,2021-01,"6,865.03"
116MeadowSavings,2021-01,"3,804.04"
1342Newton,2021-01,"7,820.83"
1316Rosemon,2021-01,"17,282.92"
874Wintergreen,2021-01,"2,035.31"
PagodaSecurity,2021-01,"17,017.00"
711Parks,2021-01,"7,719.64"
Midway,2021-01, -   
1117Brewer,2021-01,"4,817.37"
Partnership,2021-01,"525,190.89"
8604Wagon,2021-01,"4,772.28"
114Sidney,2021-01,"3,527.25"
2224Heatherton,2021-01,"5,936.41"
4920Brianhill,2021-01,"3,854.01"
Common,2021-01,"5,348.89"
6401Basswood,2021-01,"7,959.41"
4909Jamesway,2021-01,"5,520.34"
7417Canoga,2021-01,"1,424.08"
TrustChase,2021-01, -   
MeadowSecurity,2021-02,"4,550.00"
TrustAccount,2021-02, -   
1905Morning,2021-02,"7,777.34"
2417Garden,2021-02,"12,199.36"
108Pagoda,2021-02,"8,285.36"
2208Chase,2021-02,"10,843.10"
104Meadow,2021-02,"3,388.60"
108Meadow,2021-02,"7,472.58"
116Meadow,2021-02,"8,190.03"
116MeadowSavings,2021-02,"3,954.07"
1342Newton,2021-02,"10,271.45"
1316Rosemon,2021-02,"18,983.05"
874Wintergreen,2021-02,"2,493.61"
PagodaSecurity,2021-02,"17,017.13"
711Parks,2021-02,"8,605.69"
Midway,2021-02, -   
1117Brewer,2021-02,"5,725.89"
Partnership,2021-02,"180,473.68"
8604Wagon,2021-02,"5,523.49"
114Sidney,2021-02,"2,975.36"
2224Heatherton,2021-02,"7,002.41"
4920Brianhill,2021-02,"6,029.01"
Common,2021-02,"8,900.84"
6401Basswood,2021-02,"10,149.12"
4909Jamesway,2021-02,"8,998.27"
7417Canoga,2021-02,"2,240.02"
TrustChase,2021-02, -   
MeadowSecurity,2021-03,"4,550.00"
TrustAccount,2021-03, -   
1905Morning,2021-03,"8,571.03"
2417Garden,2021-03,"10,461.96"
108Pagoda,2021-03,"3,413.73"
2208Chase,2021-03,"12,184.28"
104Meadow,2021-03,"4,178.40"
108Meadow,2021-03,"4,075.20"
116Meadow,2021-03,"9,515.03"
116MeadowSavings,2021-03,"4,104.11"
1342Newton,2021-03,"9,633.07"
1316Rosemon,2021-03,"20,683.18"
874Wintergreen,2021-03,"2,951.91"
PagodaSecurity,2021-03,"17,017.27"
711Parks,2021-03,"9,491.74"
Midway,2021-03, -   
1117Brewer,2021-03,"6,634.41"
Partnership,2021-03,"275,053.75"
8604Wagon,2021-03,"6,274.70"
114Sidney,2021-03,"2,334.33"
2224Heatherton,2021-03,"5,248.41"
4920Brianhill,2021-03,"11,379.01"
Common,2021-03,"3,564.98"
6401Basswood,2021-03,"8,085.93"
4909Jamesway,2021-03,"12,343.20"
7417Canoga,2021-03,"3,989.13"
TrustChase,2021-03, -   
MeadowSecurity,2021-04,"3,040.00"
TrustAccount,2021-04, -   
1905Morning,2021-04,"9,179.72"
2417Garden,2021-04,"60,780.45"
108Pagoda,2021-04,"9,767.51"
2208Chase,2021-04,"5,856.23"
104Meadow,2021-04,"4,968.20"
108Meadow,2021-04,"9,073.46"
116Meadow,2021-04,"9,927.99"
116MeadowSavings,2021-04,"4,254.14"
1342Newton,2021-04,"10,644.69"
1316Rosemon,2021-04,"20,639.60"
874Wintergreen,2021-04,"2,403.21"
PagodaSecurity,2021-04,"11,927.39"
711Parks,2021-04,"10,377.79"
Midway,2021-04, -   
1117Brewer,2021-04,"7,542.93"
Partnership,2021-04,"216,057.94"
8604Wagon,2021-04,"6,823.92"
114Sidney,2021-04,"5,421.61"
2224Heatherton,2021-04,"82,750.71"
4920Brianhill,2021-04,"4,360.28"
Common,2021-04,"8,085.56"
6401Basswood,2021-04,"5,791.83"
4909Jamesway,2021-04,"14,110.73"
7417Canoga,2021-04,"4,334.30"
TrustChase,2021-04, -   
MeadowSecurity,2021-05,"3,040.00"
TrustAccount,2021-05, -   
1905Morning,2021-05,"9,509.08"
2417Garden,2021-05,"12,682.85"
108Pagoda,2021-05,"9,984.67"
2208Chase,2021-05,"6,981.29"
104Meadow,2021-05,"5,763.00"
108Meadow,2021-05,"5,909.83"
116Meadow,2021-05,"10,796.97"
116MeadowSavings,2021-05,"4,404.18"
1342Newton,2021-05,"11,701.31"
1316Rosemon,2021-05,"22,288.73"
874Wintergreen,2021-05,"2,861.51"
PagodaSecurity,2021-05,"11,927.49"
711Parks,2021-05,"13,808.84"
Midway,2021-05, -   
1117Brewer,2021-05,"8,451.45"
Partnership,2021-05,"216,061.56"
8604Wagon,2021-05,"7,695.13"
114Sidney,2021-05,"4,422.71"
2224Heatherton,2021-05,"84,650.71"
4920Brianhill,2021-05,"9,637.22"
Common,2021-05,"14,013.16"
6401Basswood,2021-05,"7,149.04"
4909Jamesway,2021-05,"17,925.55"
7417Canoga,2021-05,"6,538.68"
TrustChase,2021-05, -   
MeadowSecurity,2021-06,"3,040.00"
TrustAccount,2021-06, -   
1905Morning,2021-06,"14,564.04"
2417Garden,2021-06,"14,457.97"
108Pagoda,2021-06,"11,353.57"
2208Chase,2021-06,"8,618.74"
104Meadow,2021-06,"6,552.80"
108Meadow,2021-06,"10,371.86"
116Meadow,2021-06,"11,665.95"
116MeadowSavings,2021-06,"4,554.22"
1342Newton,2021-06,"12,757.93"
1316Rosemon,2021-06,"25,438.86"
874Wintergreen,2021-06,"3,319.81"
PagodaSecurity,2021-06,"11,927.59"
711Parks,2021-06,"12,024.89"
Midway,2021-06, -   
1117Brewer,2021-06,"8,400.97"
Partnership,2021-06,"216,065.11"
8604Wagon,2021-06,"8,476.34"
114Sidney,2021-06,"4,800.79"
2224Heatherton,2021-06,"64,427.71"
4920Brianhill,2021-06,"13,312.22"
Common,2021-06,"5,051.96"
6401Basswood,2021-06,"6,984.99"
4909Jamesway,2021-06,"27,364.25"
7417Canoga,2021-06,"8,273.70"
TrustChase,2021-06, -   
MeadowSecurity,2021-07,"5,765.00"
TrustAccount,2021-07, -   
1905Morning,2021-07,"9,551.65"
2417Garden,2021-07,"3,668.91"
108Pagoda,2021-07,"11,122.60"
2208Chase,2021-07,"8,677.38"
104Meadow,2021-07,"7,342.60"
108Meadow,2021-07,"9,423.64"
116Meadow,2021-07,"11,236.93"
116MeadowSavings,2021-07,"4,704.26"
1342Newton,2021-07,"13,814.55"
1316Rosemon,2021-07,"27,117.44"
874Wintergreen,2021-07,"3,653.11"
PagodaSecurity,2021-07,"11,927.69"
711Parks,2021-07,"12,910.94"
Midway,2021-07, -   
1117Brewer,2021-07,"9,309.49"
Partnership,2021-07,"566,911.64"
8604Wagon,2021-07,"9,257.55"
114Sidney,2021-07,"5,600.16"
2224Heatherton,2021-07,"64,427.71"
4920Brianhill,2021-07,"14,029.16"
Common,2021-07,"3,104.86"
6401Basswood,2021-07,"6,382.68"
4909Jamesway,2021-07,"26,221.16"
7417Canoga,2021-07,"10,006.78"
TrustChase,2021-07, -   
MeadowSecurity,2021-08,"5,765.00"
TrustAccount,2021-08, -   
1905Morning,2021-08,"10,151.01"
2417Garden,2021-08,"2,522.22"
108Pagoda,2021-08,"11,137.13"
2208Chase,2021-08,"8,677.45"
104Meadow,2021-08,"8,232.40"
108Meadow,2021-08,"10,044.71"
116Meadow,2021-08,"12,105.91"
116MeadowSavings,2021-08,"4,854.30"
1342Newton,2021-08,"14,871.17"
1316Rosemon,2021-08,"27,321.84"
874Wintergreen,2021-08,"4,211.41"
PagodaSecurity,2021-08,"12,427.79"
711Parks,2021-08,"13,896.99"
Midway,2021-08,"49,776.78"
1117Brewer,2021-08,"10,218.01"
Partnership,2021-08,"98,909.61"
8604Wagon,2021-08,"10,038.76"
114Sidney,2021-08,"4,274.65"
2224Heatherton,2021-08,"64,427.71"
4920Brianhill,2021-08,"10,916.10"
Common,2021-08,"7,272.63"
6401Basswood,2021-08,"6,247.08"
4909Jamesway,2021-08,"27,805.41"
7417Canoga,2021-08,"11,817.34"
TrustChase,2021-08, -   
MeadowSecurity,2021-09,"7,565.00"
TrustAccount,2021-09, -   
1905Morning,2021-09,"10,869.82"
2417Garden,2021-09,431.49
108Pagoda,2021-09,"11,933.78"
2208Chase,2021-09,"8,650.76"
104Meadow,2021-09,"9,122.20"
108Meadow,2021-09,"10,915.78"
116Meadow,2021-09,"13,074.89"
116MeadowSavings,2021-09,"5,004.34"
1342Newton,2021-09,"16,027.79"
1316Rosemon,2021-09,"30,090.25"
874Wintergreen,2021-09,"4,769.71"
PagodaSecurity,2021-09,"12,427.90"
711Parks,2021-09,"14,883.04"
Midway,2021-09,"52,239.26"
1117Brewer,2021-09,"11,226.53"
Partnership,2021-09,"93,911.17"
8604Wagon,2021-09,"10,717.98"
114Sidney,2021-09,"1,486.76"
2224Heatherton,2021-09,"64,427.71"
4920Brianhill,2021-09,"17,878.04"
Common,2021-09,"3,158.18"
6401Basswood,2021-09,"1,545.77"
4909Jamesway,2021-09,"29,195.64"
7417Canoga,2021-09,"13,123.14"
TrustChase,2021-09, -   
MeadowSecurity,2021-10,"7,565.00"
TrustAccount,2021-10, -   
1905Morning,2021-10,"11,089.18"
2417Garden,2021-10,"6,830.54"
108Pagoda,2021-10,"11,142.81"
2208Chase,2021-10,"8,570.84"
104Meadow,2021-10,"10,012.00"
108Meadow,2021-10,"11,128.07"
116Meadow,2021-10,"12,393.87"
116MeadowSavings,2021-10,"5,154.38"
1342Newton,2021-10,"15,389.41"
1316Rosemon,2021-10,"27,896.66"
874Wintergreen,2021-10,"3,633.01"
PagodaSecurity,2021-10,"12,428.00"
711Parks,2021-10,"15,869.09"
Midway,2021-10,"48,811.79"
1117Brewer,2021-10,"10,440.05"
Partnership,2021-10,"89,912.70"
8604Wagon,2021-10,"11,649.19"
114Sidney,2021-10,"2,680.02"
2224Heatherton,2021-10,"64,427.71"
4920Brianhill,2021-10,"16,454.98"
Common,2021-10,"8,769.42"
6401Basswood,2021-10,"6,124.18"
4909Jamesway,2021-10,"32,732.39"
7417Canoga,2021-10,"14,641.32"
TrustChase,2021-10, -   
MeadowSecurity,2021-11,"7,565.00"
TrustAccount,2021-11, -   
1905Morning,2021-11,"15,058.85"
2417Garden,2021-11,"2,332.84"
108Pagoda,2021-11,"12,140.84"
2208Chase,2021-11,"8,570.91"
104Meadow,2021-11,"10,901.80"
108Meadow,2021-11,"11,145.85"
116Meadow,2021-11,"13,362.85"
116MeadowSavings,2021-11,"5,304.42"
1342Newton,2021-11,"18,341.03"
1316Rosemon,2021-11,"29,790.07"
874Wintergreen,2021-11,"10,026.66"
PagodaSecurity,2021-11,"12,428.10"
711Parks,2021-11,"16,855.14"
Midway,2021-11,"49,917.01"
1117Brewer,2021-11,"11,448.57"
Partnership,2021-11,"89,914.18"
8604Wagon,2021-11,"10,730.40"
114Sidney,2021-11,"1,963.63"
2224Heatherton,2021-11,"64,427.71"
4920Brianhill,2021-11,"18,726.92"
Common,2021-11,320.13
6401Basswood,2021-11,"9,044.60"
4909Jamesway,2021-11,"37,943.25"
7417Canoga,2021-11,"15,296.94"
TrustChase,2021-11, -   
MeadowSecurity,2021-12,"7,565.00"
TrustAccount,2021-12,"5,300.00"
1905Morning,2021-12,"3,958.34"
2417Garden,2021-12,"2,932.00"
108Pagoda,2021-12,"3,892.21"
2208Chase,2021-12,"8,570.98"
104Meadow,2021-12,"3,049.49"
108Meadow,2021-12,"3,553.71"
116Meadow,2021-12,"3,171.72"
116MeadowSavings,2021-12,"1,454.47"
1342Newton,2021-12,"3,539.75"
1316Rosemon,2021-12,"10,145.72"
874Wintergreen,2021-12,"3,132.72"
PagodaSecurity,2021-12,"20,428.21"
711Parks,2021-12,"6,228.41"
Midway,2021-12,"28,083.81"
1117Brewer,2021-12,"3,518.62"
Partnership,2021-12,"175,915.69"
8604Wagon,2021-12,"2,699.34"
114Sidney,2021-12,"2,072.70"
2224Heatherton,2021-12,"72,015.91"
4920Brianhill,2021-12,"4,413.92"
Common,2021-12,"3,842.75"
6401Basswood,2021-12,103.05
4909Jamesway,2021-12,"4,731.27"
7417Canoga,2021-12,"4,274.48"
TrustChase,2021-12,200
MeadowSecurity,2022-01,"7,565.00"
TrustAccount,2022-01,"6,200.00"
1905Morning,2022-01,"5,202.03"
2417Garden,2022-01,"5,504.30"
108Pagoda,2022-01,"4,617.24"
2208Chase,2022-01,"8,571.05"
104Meadow,2022-01,"3,668.29"
108Meadow,2022-01,"4,424.78"
116Meadow,2022-01,"4,140.70"
116MeadowSavings,2022-01,"1,604.48"
1342Newton,2022-01,"2,901.37"
1316Rosemon,2022-01,"12,039.13"
874Wintergreen,2022-01,"4,058.71"
PagodaSecurity,2022-01,"20,428.38"
711Parks,2022-01,"5,419.46"
Midway,2022-01,"31,897.25"
1117Brewer,2022-01,"6,322.14"
Partnership,2022-01,"175,918.68"
8604Wagon,2022-01,"3,630.55"
114Sidney,2022-01,"5,654.69"
2224Heatherton,2022-01,"72,015.91"
4920Brianhill,2022-01,"7,030.86"
Common,2022-01,950.75
6401Basswood,2022-01,"6,749.95"
4909Jamesway,2022-01,"13,570.36"
7417Canoga,2022-01,"7,266.14"
TrustChase,2022-01,"2,400.00"
MeadowSecurity,2022-02,"7,565.00"
TrustAccount,2022-02,"7,250.00"
1905Morning,2022-02,"4,295.72"
2417Garden,2022-02,"6,632.56"
108Pagoda,2022-02,"5,565.27"
2208Chase,2022-02,"8,571.12"
104Meadow,2022-02,"3,993.09"
108Meadow,2022-02,"5,295.85"
116Meadow,2022-02,"5,109.68"
116MeadowSavings,2022-02,"1,754.49"
1342Newton,2022-02,"4,057.99"
1316Rosemon,2022-02,"13,355.04"
874Wintergreen,2022-02,"3,800.70"
PagodaSecurity,2022-02,"20,428.54"
711Parks,2022-02,"4,610.51"
Midway,2022-02,"73,759.50"
1117Brewer,2022-02,"6,910.66"
Partnership,2022-02,"170,921.32"
8604Wagon,2022-02,"4,561.76"
114Sidney,2022-02,"6,145.90"
2224Heatherton,2022-02,"72,015.91"
4920Brianhill,2022-02,"9,173.87"
Common,2022-02,"1,195.68"
6401Basswood,2022-02,"12,605.63"
4909Jamesway,2022-02,"15,546.75"
7417Canoga,2022-02,"7,133.59"
TrustChase,2022-02,"2,400.00"
MeadowSecurity,2022-03,"7,565.00"
TrustAccount,2022-03,"7,250.00"
1905Morning,2022-03,"5,552.41"
2417Garden,2022-03,"7,907.39"
108Pagoda,2022-03,"6,508.30"
2208Chase,2022-03,"8,571.19"
104Meadow,2022-03,"4,907.89"
108Meadow,2022-03,"6,166.92"
116Meadow,2022-03,"6,078.66"
116MeadowSavings,2022-03,"1,904.51"
1342Newton,2022-03,"5,211.28"
1316Rosemon,2022-03,"15,248.45"
874Wintergreen,2022-03,"4,326.69"
PagodaSecurity,2022-03,"20,428.71"
711Parks,2022-03,"3,801.56"
Midway,2022-03,"82,316.35"
1117Brewer,2022-03,"7,919.18"
Partnership,2022-03,"170,924.23"
8604Wagon,2022-03,"5,542.97"
114Sidney,2022-03,"6,140.56"
2224Heatherton,2022-03,"57,772.16"
4920Brianhill,2022-03,"10,603.31"
Common,2022-03,"-1,632.32"
6401Basswood,2022-03,"20,186.77"
4909Jamesway,2022-03,"13,465.50"
7417Canoga,2022-03,"6,153.84"
TrustChase,2022-03,"2,400.00"
MeadowSecurity,2022-04,"7,565.00"
TrustAccount,2022-04,"7,250.00"
1905Morning,2022-04,"4,461.10"
2417Garden,2022-04,"3,734.73"
108Pagoda,2022-04,"5,031.16"
2208Chase,2022-04,"8,571.19"
104Meadow,2022-04,"4,102.69"
108Meadow,2022-04,"5,342.99"
116Meadow,2022-04,"5,197.64"
116MeadowSavings,2022-04,"2,054.53"
1342Newton,2022-04,"8,159.57"
1316Rosemon,2022-04,"13,951.86"
874Wintergreen,2022-04,"5,252.68"
PagodaSecurity,2022-04,"20,428.88"
711Parks,2022-04,"2,992.61"
Midway,2022-04,"56,406.98"
1117Brewer,2022-04,"7,132.70"
Partnership,2022-04,"167,127.03"
8604Wagon,2022-04,"4,372.19"
114Sidney,2022-04,"5,936.48"
2224Heatherton,2022-04,"55,553.16"
4920Brianhill,2022-04,"8,984.25"
Common,2022-04,206.77
6401Basswood,2022-04,"21,965.23"
4909Jamesway,2022-04,"13,752.10"
7417Canoga,2022-04,"8,165.71"
TrustChase,2022-04,"2,400.00"
MeadowSecurity,2022-05,"7,565.00"
TrustAccount,2022-05,"7,250.00"
1905Morning,2022-05,"8,174.79"
2417Garden,2022-05,"9,668.90"
108Pagoda,2022-05,"7,553.25"
2208Chase,2022-05,"8,571.33"
104Meadow,2022-05,"5,633.49"
108Meadow,2022-05,"3,535.94"
116Meadow,2022-05,"7,716.62"
116MeadowSavings,2022-05,"2,204.55"
1342Newton,2022-05,"7,518.41"
1316Rosemon,2022-05,"18,835.27"
874Wintergreen,2022-05,"3,809.14"
PagodaSecurity,2022-05,"20,429.06"
711Parks,2022-05,"5,765.66"
Midway,2022-05,"95,824.24"
1117Brewer,2022-05,"9,936.22"
Partnership,2022-05,"167,129.87"
8604Wagon,2022-05,"7,003.40"
114Sidney,2022-05,"7,951.70"
2224Heatherton,2022-05,"53,743.16"
4920Brianhill,2022-05,"7,045.44"
Common,2022-05,47.68
6401Basswood,2022-05,"15,042.60"
4909Jamesway,2022-05,"14,735.49"
7417Canoga,2022-05,"3,038.60"
TrustChase,2022-05,"2,400.00"
MeadowSecurity,2022-06,"7,565.00"
TrustAccount,2022-06,"7,250.00"
1905Morning,2022-06,"7,868.48"
2417Garden,2022-06,"6,553.39"
108Pagoda,2022-06,"8,255.25"
2208Chase,2022-06,"8,571.41"
104Meadow,2022-06,"4,326.29"
108Meadow,2022-06,"2,946.20"
116Meadow,2022-06,"8,362.60"
116MeadowSavings,2022-06,"2,354.56"
1342Newton,2022-06,"8,672.25"
1316Rosemon,2022-06,"16,143.68"
874Wintergreen,2022-06,"6,430.13"
PagodaSecurity,2022-06,"20,429.22"
711Parks,2022-06,"8,896.71"
Midway,2022-06,"104,737.67"
1117Brewer,2022-06,"8,051.74"
Partnership,2022-06,"19,952.05"
8604Wagon,2022-06,"6,779.61"
114Sidney,2022-06,"7,270.73"
2224Heatherton,2022-06,"51,513.16"
4920Brianhill,2022-06,"18,091.98"
Common,2022-06,47.68
6401Basswood,2022-06,"21,457.81"
4909Jamesway,2022-06,"28,089.76"
7417Canoga,2022-06,"1,773.23"
TrustChase,2022-06,"2,400.00"
MeadowSecurity,2022-07,"7,565.00"
TrustAccount,2022-07,"6,350.00"
1905Morning,2022-07,"6,962.17"
2417Garden,2022-07,"5,605.71"
108Pagoda,2022-07,"6,362.30"
2208Chase,2022-07,"8,571.48"
104Meadow,2022-07,"3,521.09"
108Meadow,2022-07,"1,373.34"
116Meadow,2022-07,"7,681.58"
116MeadowSavings,2022-07,"2,504.59"
1342Newton,2022-07,"9,826.09"
1316Rosemon,2022-07,"10,232.35"
874Wintergreen,2022-07,"5,661.12"
PagodaSecurity,2022-07,"20,429.40"
711Parks,2022-07,"7,353.81"
Midway,2022-07,"114,374.81"
1117Brewer,2022-07,"6,553.78"
Partnership,2022-07,"170,838.80"
8604Wagon,2022-07,"5,860.82"
114Sidney,2022-07,"6,391.02"
2224Heatherton,2022-07,"50,396.16"
4920Brianhill,2022-07,"14,276.19"
Common,2022-07,47.68
6401Basswood,2022-07,"19,984.75"
4909Jamesway,2022-07,"27,705.62"
7417Canoga,2022-07,"6,391.23"
TrustChase,2022-07,"2,400.00"
MeadowSecurity,2022-08,"5,765.00"
TrustAccount,2022-08,"6,350.00"
1905Morning,2022-08,"12,589.36"
2417Garden,2022-08,"10,980.31"
108Pagoda,2022-08,"8,911.27"
2208Chase,2022-08,"8,571.55"
104Meadow,2022-08,"10,045.92"
108Meadow,2022-08,"5,462.28"
116Meadow,2022-08,"10,400.56"
116MeadowSavings,2022-08,"2,654.61"
1342Newton,2022-08,"9,184.93"
1316Rosemon,2022-08,"17,333.74"
874Wintergreen,2022-08,"8,282.11"
PagodaSecurity,2022-08,"20,429.57"
711Parks,2022-08,"10,444.86"
Midway,2022-08,"180,900.78"
1117Brewer,2022-08,"11,152.30"
Partnership,2022-08,"169,841.69"
8604Wagon,2022-08,"8,842.03"
114Sidney,2022-08,"8,756.31"
2224Heatherton,2022-08,"47,109.16"
4920Brianhill,2022-08,"16,083.03"
Common,2022-08,47.68
6401Basswood,2022-08,"24,896.04"
4909Jamesway,2022-08,"31,039.35"
7417Canoga,2022-08,"8,664.54"
TrustChase,2022-08,"2,400.00"
MeadowSecurity,2022-09,"5,765.00"
TrustAccount,2022-09,"6,350.00"
1905Morning,2022-09,"115,036.95"
2417Garden,2022-09,"9,987.79"
108Pagoda,2022-09,"7,958.59"
2208Chase,2022-09,"8,571.62"
104Meadow,2022-09,"9,211.26"
108Meadow,2022-09,"3,378.82"
116Meadow,2022-09,"9,690.08"
116MeadowSavings,2022-09,"2,804.63"
1342Newton,2022-09,"8,170.33"
1316Rosemon,2022-09,"15,822.47"
874Wintergreen,2022-09,"7,457.58"
PagodaSecurity,2022-09,"20,429.74"
711Parks,2022-09,"10,196.53"
Midway,2022-09,"165,222.27"
1117Brewer,2022-09,"10,874.48"
Partnership,2022-09,"169,844.48"
8604Wagon,2022-09,"7,865.65"
114Sidney,2022-09,"7,848.30"
2224Heatherton,2022-09,"45,342.16"
4920Brianhill,2022-09,"14,699.97"
Common,2022-09,47.68
6401Basswood,2022-09,"23,259.72"
4909Jamesway,2022-09,"30,592.20"
7417Canoga,2022-09,"11,019.92"
TrustChase,2022-09,"1,200.00"
MeadowSecurity,2022-10,"1,565.00"
TrustAccount,2022-10,"6,350.00"
1905Morning,2022-10,"113,271.95"
2417Garden,2022-10,"7,753.55"
108Pagoda,2022-10,"6,896.88"
2208Chase,2022-10,"8,571.69"
104Meadow,2022-10,"8,406.06"
108Meadow,2022-10,"2,547.86"
116Meadow,2022-10,"9,009.06"
116MeadowSavings,2022-10,"2,954.66"
1342Newton,2022-10,"6,374.17"
1316Rosemon,2022-10,"14,424.78"
874Wintergreen,2022-10,"5,533.57"
PagodaSecurity,2022-10,"20,429.91"
711Parks,2022-10,"8,232.58"
Midway,2022-10,"170,161.22"
1117Brewer,2022-10,"10,088.00"
Partnership,2022-10,"169,847.36"
8604Wagon,2022-10,"6,946.86"
114Sidney,2022-10,"6,968.59"
2224Heatherton,2022-10,"43,559.66"
4920Brianhill,2022-10,"13,316.91"
Common,2022-10,-119.36
6401Basswood,2022-10,"26,365.85"
4909Jamesway,2022-10,"31,334.19"
7417Canoga,2022-10,"13,594.92"
TrustChase,2022-10,"1,200.00"
MeadowSecurity,2022-11,"1,565.00"
TrustAccount,2022-11,"5,450.00"
1905Morning,2022-11,"116,226.03"
2417Garden,2022-11,"8,195.98"
108Pagoda,2022-11,"10,851.82"
2208Chase,2022-11,"8,572.16"
104Meadow,2022-11,"10,318.35"
108Meadow,2022-11,"7,950.74"
116Meadow,2022-11,"9,494.04"
116MeadowSavings,2022-11,"3,104.82"
1342Newton,2022-11,"5,733.01"
1316Rosemon,2022-11,"19,601.09"
874Wintergreen,2022-11,"8,298.62"
PagodaSecurity,2022-11,"20,431.02"
711Parks,2022-11,"11,223.63"
Midway,2022-11,"188,493.73"
1117Brewer,2022-11,"12,896.52"
Partnership,2022-11,"169,937.71"
8604Wagon,2022-11,"9,778.07"
114Sidney,2022-11,"9,478.89"
2224Heatherton,2022-11,"38,599.66"
4920Brianhill,2022-11,"15,970.36"
Common,2022-11,"2,298.87"
6401Basswood,2022-11,"26,416.14"
4909Jamesway,2022-11,"37,221.43"
7417Canoga,2022-11,"12,539.29"
TrustChase,2022-11,"1,200.00"
MeadowSecurity,2022-12,170
TrustAccount,2022-12,"5,450.00"
1905Morning,2022-12,"1,740.73"
2417Garden,2022-12,"2,882.17"
108Pagoda,2022-12,"1,490.60"
2208Chase,2022-12,"6,573.09"
104Meadow,2022-12,721.3
108Meadow,2022-12,"1,683.71"
116Meadow,2022-12,"1,217.67"
116MeadowSavings,2022-12,"3,255.23"
1342Newton,2022-12,"2,015.56"
1316Rosemon,2022-12,"2,267.34"
874Wintergreen,2022-12,"1,360.80"
PagodaSecurity,2022-12,"10,217.49"
711Parks,2022-12,"1,130.27"
Midway,2022-12,"47,271.84"
1117Brewer,2022-12,"1,389.36"
Partnership,2022-12,"545,558.58"
8604Wagon,2022-12,"2,222.93"
114Sidney,2022-12,"3,345.48"
2224Heatherton,2022-12,"32,379.23"
4920Brianhill,2022-12,"8,206.74"
Common,2022-12,"1,754.82"
6401Basswood,2022-12,"4,497.01"
4909Jamesway,2022-12,"4,416.97"
7417Canoga,2022-12,"2,797.48"
TrustChase,2022-12,"3,700.00"
MeadowSecurity,2023-01,160
TrustAccount,2023-01,"5,450.00"
1905Morning,2023-01,"1,665.73"
2417Garden,2023-01,"2,320.69"
108Pagoda,2023-01,470.63
2208Chase,2023-01,"6,573.92"
104Meadow,2023-01,881.1
108Meadow,2023-01,795.14
116Meadow,2023-01,536.65
116MeadowSavings,2023-01,"3,405.66"
1342Newton,2023-01,"1,374.40"
1316Rosemon,2023-01,869.65
874Wintergreen,2023-01,591.79
PagodaSecurity,2023-01,"18,219.75"
711Parks,2023-01,321.32
Midway,2023-01,"54,844.99"
1117Brewer,2023-01,602.88
Partnership,2023-01,"545,252.96"
8604Wagon,2023-01,"1,289.14"
114Sidney,2023-01,"1,213.52"
2224Heatherton,2023-01,"21,816.48"
4920Brianhill,2023-01,"11,334.13"
Common,2023-01,"1,377.36"
6401Basswood,2023-01,"8,540.16"
4909Jamesway,2023-01,"5,321.93"
7417Canoga,2023-01,"1,769.53"
TrustChase,2023-01,"3,700.00"
MeadowSecurity,2023-02,150
TrustAccount,2023-02,"5,450.00"
1905Morning,2023-02,"1,590.73"
2417Garden,2023-02,"2,535.33"
108Pagoda,2023-02,"2,946.91"
2208Chase,2023-02,"6,574.68"
104Meadow,2023-02,75.9
108Meadow,2023-02,"3,090.68"
116Meadow,2023-02,"3,016.84"
116MeadowSavings,2023-02,"3,406.05"
1342Newton,2023-02,733.24
1316Rosemon,2023-02,"6,627.42"
874Wintergreen,2023-02,"3,812.03"
PagodaSecurity,2023-02,"18,221.84"
711Parks,2023-02,"3,634.97"
Midway,2023-02,"66,107.00"
1117Brewer,2023-02,"3,554.65"
Partnership,2023-02,"536,008.28"
8604Wagon,2023-02,"4,110.61"
114Sidney,2023-02,"3,751.14"
2224Heatherton,2023-02,"18,712.98"
4920Brianhill,2023-02,"17,749.69"
Common,2023-02,"1,377.36"
6401Basswood,2023-02,"7,092.33"
4909Jamesway,2023-02,"6,892.90"
7417Canoga,2023-02,"4,181.75"
TrustChase,2023-02,"3,700.00"
MeadowSecurity,2023-03,140
TrustAccount,2023-03,"5,450.00"
1905Morning,2023-03,"1,515.73"
2417Garden,2023-03,"1,063.13"
108Pagoda,2023-03,"3,994.94"
2208Chase,2023-03,"6,575.52"
104Meadow,2023-03,"1,320.90"
108Meadow,2023-03,"3,997.27"
116Meadow,2023-03,"3,791.45"
116MeadowSavings,2023-03,"3,556.50"
1342Newton,2023-03,"1,604.41"
1316Rosemon,2023-03,"10,734.73"
874Wintergreen,2023-03,"4,893.02"
PagodaSecurity,2023-03,"18,224.16"
711Parks,2023-03,"4,616.02"
Midway,2023-03,"75,048.54"
1117Brewer,2023-03,"2,776.92"
Partnership,2023-03,"511,809.45"
8604Wagon,2023-03,"5,019.82"
114Sidney,2023-03,"4,245.51"
2224Heatherton,2023-03,"16,276.73"
4920Brianhill,2023-03,"20,867.18"
Common,2023-03,706.89
6401Basswood,2023-03,"11,992.58"
4909Jamesway,2023-03,"7,595.75"
7417Canoga,2023-03,"1,862.54"
TrustChase,2023-03,"3,700.00"
MeadowSecurity,2023-04,130
TrustAccount,2023-04,"5,450.00"
1905Morning,2023-04,"1,440.73"
2417Garden,2023-04,"2,683.49"
108Pagoda,2023-04,"5,042.97"
2208Chase,2023-04,"6,576.33"
104Meadow,2023-04,"2,290.70"
108Meadow,2023-04,"4,968.34"
116Meadow,2023-04,"4,190.43"
116MeadowSavings,2023-04,"3,706.95"
1342Newton,2023-04,963.27
1316Rosemon,2023-04,"10,986.24"
874Wintergreen,2023-04,"5,974.01"
PagodaSecurity,2023-04,"18,226.41"
711Parks,2023-04,"3,807.07"
Midway,2023-04,"81,252.26"
1117Brewer,2023-04,"3,740.44"
Partnership,2023-04,"507,644.23"
8604Wagon,2023-04,"5,901.03"
114Sidney,2023-04,"4,999.04"
2224Heatherton,2023-04,"13,171.48"
4920Brianhill,2023-04,"22,967.21"
Common,2023-04,646.89
6401Basswood,2023-04,"14,987.75"
4909Jamesway,2023-04,"6,324.68"
7417Canoga,2023-04,"1,748.96"
TrustChase,2023-04,"3,700.00"
MeadowSecurity,2023-05,120
TrustAccount,2023-05,"5,450.00"
1905Morning,2023-05,"1,365.73"
2417Garden,2023-05,756.75
108Pagoda,2023-05,"6,091.00"
2208Chase,2023-05,"6,577.17"
104Meadow,2023-05,"3,260.50"
108Meadow,2023-05,"6,044.41"
116Meadow,2023-05,"5,259.41"
116MeadowSavings,2023-05,"3,857.44"
1342Newton,2023-05,324.89
1316Rosemon,2023-05,"15,023.55"
874Wintergreen,2023-05,"7,055.00"
PagodaSecurity,2023-05,"18,228.73"
711Parks,2023-05,"4,850.52"
Midway,2023-05,"91,564.16"
1117Brewer,2023-05,"5,239.96"
Partnership,2023-05,"515,998.95"
8604Wagon,2023-05,"7,007.24"
114Sidney,2023-05,"6,018.41"
2224Heatherton,2023-05,"11,032.98"
4920Brianhill,2023-05,"28,947.34"
Common,2023-05,513.19
6401Basswood,2023-05,"21,975.08"
4909Jamesway,2023-05,"9,444.37"
7417Canoga,2023-05,"6,557.88"
TrustChase,2023-05,"3,700.00"
MeadowSecurity,2023-06,110
TrustAccount,2023-06,"5,450.00"
1905Morning,2023-06,"1,290.73"
2417Garden,2023-06,"3,926.41"
108Pagoda,2023-06,"7,083.47"
2208Chase,2023-06,"6,577.98"
104Meadow,2023-06,"4,230.30"
108Meadow,2023-06,"3,668.55"
116Meadow,2023-06,"6,328.39"
116MeadowSavings,2023-06,"4,007.93"
1342Newton,2023-06,686.51
1316Rosemon,2023-06,"15,420.86"
874Wintergreen,2023-06,"8,135.99"
PagodaSecurity,2023-06,"18,230.98"
711Parks,2023-06,"6,351.57"
Midway,2023-06,"98,856.71"
1117Brewer,2023-06,"6,813.48"
Partnership,2023-06,"511,499.15"
8604Wagon,2023-06,"7,918.45"
114Sidney,2023-06,"6,962.78"
2224Heatherton,2023-06,"10,417.48"
4920Brianhill,2023-06,"32,082.92"
Common,2023-06,513.19
6401Basswood,2023-06,"25,202.79"
4909Jamesway,2023-06,"10,453.30"
7417Canoga,2023-06,"6,557.88"
TrustChase,2023-06,"3,700.00"
MeadowSecurity,2023-07,100
TrustAccount,2023-07,"5,450.00"
1905Morning,2023-07,"1,215.73"
2417Garden,2023-07,"2,699.87"
108Pagoda,2023-07,"6,281.50"
2208Chase,2023-07,"6,678.03"
104Meadow,2023-07,"5,200.10"
108Meadow,2023-07,229.62
116Meadow,2023-07,"5,647.37"
116MeadowSavings,2023-07,"4,158.45"
1342Newton,2023-07,48.13
1316Rosemon,2023-07,"13,934.09"
874Wintergreen,2023-07,"7,366.98"
PagodaSecurity,2023-07,"18,233.30"
711Parks,2023-07,"5,542.62"
Midway,2023-07,"107,467.41"
1117Brewer,2023-07,"6,027.00"
Partnership,2023-07,"439,188.39"
8604Wagon,2023-07,"6,999.66"
114Sidney,2023-07,"6,212.15"
2224Heatherton,2023-07,"8,479.48"
4920Brianhill,2023-07,"30,253.06"
Common,2023-07,-665.85
6401Basswood,2023-07,"21,387.01"
4909Jamesway,2023-07,"10,428.32"
7417Canoga,2023-07,"5,931.42"
TrustChase,2023-07,"3,700.00"
MeadowSecurity,2023-08,"1,590.00"
TrustAccount,2023-08,"5,450.00"
1905Morning,2023-08,"1,140.73"
2417Garden,2023-08,"7,075.15"
108Pagoda,2023-08,"9,046.80"
2208Chase,2023-08,"6,720.02"
104Meadow,2023-08,"6,312.58"
108Meadow,2023-08,"1,779.03"
116Meadow,2023-08,"5,553.35"
116MeadowSavings,2023-08,"4,309.00"
1342Newton,2023-08,"3,046.77"
1316Rosemon,2023-08,"16,992.28"
874Wintergreen,2023-08,"10,197.97"
PagodaSecurity,2023-08,"18,235.63"
711Parks,2023-08,"7,925.57"
Midway,2023-08,"108,635.58"
1117Brewer,2023-08,"6,575.52"
Partnership,2023-08,"438,065.20"
8604Wagon,2023-08,"9,980.31"
114Sidney,2023-08,"8,711.52"
2224Heatherton,2023-08,"7,579.48"
4920Brianhill,2023-08,"35,523.52"
Common,2023-08,490.39
6401Basswood,2023-08,"27,213.20"
4909Jamesway,2023-08,"16,528.69"
7417Canoga,2023-08,"5,931.42"
TrustChase,2023-08,"3,700.00"
MeadowSecurity,2023-09,"1,580.00"
TrustAccount,2023-09,"5,450.00"
1905Morning,2023-09,"1,965.73"
2417Garden,2023-09,"7,360.16"
108Pagoda,2023-09,"9,969.83"
2208Chase,2023-09,"6,720.85"
104Meadow,2023-09,"7,282.38"
108Meadow,2023-09,"2,805.10"
116Meadow,2023-09,"6,722.33"
116MeadowSavings,2023-09,"4,459.54"
1342Newton,2023-09,"2,408.39"
1316Rosemon,2023-09,"19,199.36"
874Wintergreen,2023-09,"11,328.96"
PagodaSecurity,2023-09,"18,237.87"
711Parks,2023-09,"9,216.62"
Midway,2023-09,"73,352.00"
1117Brewer,2023-09,"5,789.04"
Partnership,2023-09,"438,429.00"
8604Wagon,2023-09,"10,913.53"
114Sidney,2023-09,"7,960.89"
2224Heatherton,2023-09,"7,579.48"
4920Brianhill,2023-09,"34,253.31"
Common,2023-09,436.93
6401Basswood,2023-09,"30,827.46"
4909Jamesway,2023-09,"20,570.59"
7417Canoga,2023-09,"5,931.42"
TrustChase,2023-09,"3,700.00"
MeadowSecurity,2023-10,"1,580.00"
TrustAccount,2023-10,"5,450.00"
1905Morning,2023-10,"1,965.73"
2417Garden,2023-10,"7,281.85"
108Pagoda,2023-10,"11,092.86"
2208Chase,2023-10,"6,721.70"
104Meadow,2023-10,"8,427.18"
108Meadow,2023-10,"3,831.17"
116Meadow,2023-10,"6,191.31"
116MeadowSavings,2023-10,"4,610.12"
1342Newton,2023-10,"1,770.01"
1316Rosemon,2023-10,"21,420.69"
874Wintergreen,2023-10,"11,559.95"
PagodaSecurity,2023-10,"18,240.20"
711Parks,2023-10,"10,357.67"
Midway,2023-10,"80,939.48"
1117Brewer,2023-10,"5,002.56"
Partnership,2023-10,"447,344.75"
8604Wagon,2023-10,"12,094.74"
114Sidney,2023-10,"7,695.26"
2224Heatherton,2023-10,"7,579.48"
4920Brianhill,2023-10,"33,177.78"
Common,2023-10,254.28
6401Basswood,2023-10,"33,574.32"
4909Jamesway,2023-10,"25,455.98"
7417Canoga,2023-10,"59,127.74"
TrustChase,2023-10,"3,700.00"
MeadowSecurity,2023-11,"1,580.00"
TrustAccount,2023-11,"5,450.00"
1905Morning,2023-11,"1,965.73"
2417Garden,2023-11,"11,697.66"
108Pagoda,2023-11,"10,290.89"
2208Chase,2023-11,"6,722.53"
104Meadow,2023-11,"7,621.98"
108Meadow,2023-11,"4,857.24"
116Meadow,2023-11,"7,360.29"
116MeadowSavings,2023-11,"4,760.70"
1342Newton,2023-11,"1,131.63"
1316Rosemon,2023-11,"22,430.04"
874Wintergreen,2023-11,"10,790.94"
PagodaSecurity,2023-11,"18,242.45"
711Parks,2023-11,"11,738.72"
Midway,2023-11,"86,882.32"
1117Brewer,2023-11,"5,474.22"
Partnership,2023-11,"447,716.26"
8604Wagon,2023-11,"13,275.95"
114Sidney,2023-11,"6,944.63"
2224Heatherton,2023-11,"7,579.48"
4920Brianhill,2023-11,"31,680.46"
Common,2023-11,200.99
6401Basswood,2023-11,"39,749.24"
4909Jamesway,2023-11,"28,299.72"
7417Canoga,2023-11,"59,127.74"
TrustChase,2023-11,"3,700.00"
MeadowSecurity,2023-12,"23,580.00"
TrustAccount,2023-12,"5,450.00"
1905Morning,2023-12,"1,965.73"
2417Garden,2023-12,"1,665.50"
108Pagoda,2023-12,"1,680.83"
2208Chase,2023-12,"1,723.34"
104Meadow,2023-12,"1,130.59"
108Meadow,2023-12,"1,210.81"
116Meadow,2023-12,"2,143.08"
116MeadowSavings,2023-12,"1,911.29"
1342Newton,2023-12,"2,270.31"
1316Rosemon,2023-12,"2,284.99"
874Wintergreen,2023-12,"1,455.10"
PagodaSecurity,2023-12,"28,244.94"
711Parks,2023-12,"2,451.61"
Midway,2023-12,"49,220.37"
1117Brewer,2023-12,"1,960.90"
Partnership,2023-12,"587,673.79"
8604Wagon,2023-12,"2,517.48"
114Sidney,2023-12,"3,910.05"
2224Heatherton,2023-12,"7,579.48"
4920Brianhill,2023-12,"6,141.69"
Common,2023-12,175.4
6401Basswood,2023-12,"3,380.77"
4909Jamesway,2023-12,"5,433.50"
7417Canoga,2023-12,"9,127.74"
TrustChase,2023-12,"3,700.00"